Computer - 1,https://img.freepik.com/free-vector/flat-design-content-management-system-illustration_23-2148825230.jpg
Computer - 2,https://img.freepik.com/free-photo/computer_1205-717.jpg
Computer - 3,https://img.freepik.com/free-vector/computer-monitor-graphic-animator-creating-video-game-modeling-motion-processing-video-file-using-professional-editor-vector-illustration-graphic-design-art-designer-workplace-concept_74855-13038.jpg
Computer - 4,https://img.freepik.com/free-vector/laptop_53876-43923.jpg
Computer - 5,https://img.freepik.com/free-vector/illustration-computer-icon_53876-5559.jpg
Computer - 6,https://img.freepik.com/free-vector/laptop-vector_53876-36176.jpg
Computer - 7,https://cdn.pixabay.com/photo/2013/07/13/12/38/computer-mouse-160032_960_720.png
Computer - 8,https://cdn.pixabay.com/photo/2013/07/13/11/47/computer-158675_960_720.png
Computer - 9,https://cdn.pixabay.com/photo/2012/04/01/12/44/computer-mouse-23266_960_720.png
Computer - 10,https://cdn.pixabay.com/photo/2015/08/26/18/20/computer-908893_960_720.png
Computer - 11,https://cdn.pixabay.com/photo/2021/10/14/05/56/icons-6708189_960_720.png
Computer - 12,https://cdn.pixabay.com/photo/2017/06/22/15/36/mouse-2431230_960_720.png
Computer - 13,https://cdn.pixabay.com/photo/2013/07/12/17/56/cpu-152656__340.png
Computer - 14,https://cdn.pixabay.com/photo/2013/07/12/17/54/microprocessor-152599__340.png
Computer - 15,https://cdn.pixabay.com/photo/2013/07/12/18/58/computer-154115_960_720.png
Computer - 16,https://img.freepik.com/free-vector/system-plate-pc-isometric-illustration-with-semiconductor-elements-slots-microchips-capacitors-diodes-transistors_1284-33000.jpg
Computer - 17,https://img.freepik.com/free-vector/circuit-board-isometric-concept_1284-15916.jpg
