Living Online - 1,https://img.freepik.com/free-vector/business-people-with-connection-icons_53876-66203.jpg
Living Online - 2,https://img.freepik.com/free-vector/illustration-social-media-concept_53876-17828.jpg
Living Online - 3,https://img.freepik.com/free-vector/internet-communication_24877-51941.jpg
Living Online - 4,https://img.freepik.com/free-vector/tiny-business-people-with-digital-devices-big-globe-surfing-internet-internet-addiction-real-life-substitution-living-online-disorder-concept-bright-vibrant-violet-isolated-illustration_335657-1030.jpg
Living Online - 5,https://img.freepik.com/free-vector/social-media-network_74855-4575.jpg
Living Online - 6,https://img.freepik.com/free-vector/referral-program-flat-colored-composition-referrals-bring-money-gifts-registration-vector-illustration_1284-75559.jpg
Living Online - 7,https://img.freepik.com/free-vector/marketing-specialists-computer-with-megaphone-social-media-icons-social-media-marketing-social-networking-internet-marketing-concept-pinkish-coral-bluevector-isolated-illustration_335657-2290.jpg
Living Online - 8,https://img.freepik.com/free-vector/online-marketing-abstract-concept-illustration-digital-marketing-online-sales-social-media-strategy-seo-optimization-ecommerce-agency-service-internet-advertising_335657-54.jpg
Living Online - 9,https://img.freepik.com/free-vector/computer-forensic-science-digital-evidence-analysis-cybercrime-investigation-data-recovering-cybersecurity-expert-identifying-fraudulent-activity_335657-900.jpg
Living Online - 10,https://img.freepik.com/free-vector/ai-powered-marketing-tools-abstract-concept-illustration_335657-3796.jpg
Living Online - 11,https://img.freepik.com/free-vector/electric-charge-electricity-generation-light-production-female-pc-user-with-electrical-appliance-cartoon-character-device-charging_335657-3384.jpg
Living Online - 12,https://img.freepik.com/free-vector/profitable-partnership-business-partners-cowork-affiliate-marketing-cost-effective-marketing-solution-affiliate-marketing-management-concept_335657-27.jpg
Living Online - 13,https://img.freepik.com/free-vector/hacker-activity-concept_23-2148542372.jpg
Living Online - 14,https://img.freepik.com/free-vector/students-with-computer-classroom-elements_1308-52761.jpg
Living Online - 15,https://img.freepik.com/free-vector/school-kid-boy-studying-front-computer_3446-441.jpg
Living Online - 16,https://img.freepik.com/free-vector/side-view-girl-using-laptop-communicate-video-conference-with-teacher-friends-white-background_1308-53071.jpg
Living Online - 17,https://img.freepik.com/free-vector/hands-young-people-holding-phones-with-dating-profiles_74855-20133.jpg
Living Online - 18,https://img.freepik.com/free-vector/kids-using-laptop-with-education-icons_1308-85031.jpg
Living Online - 19,https://img.freepik.com/free-vector/hand-drawn-style-blogger-set_23-2149090325.jpg
Living Online - 20,https://img.freepik.com/free-vector/flat-internet-day-illustration_23-2148896628.jpg
Living Online - 21,https://img.freepik.com/free-vector/girl-with-laptop-desk-white_1308-52161.jpg
Living Online - 22,https://img.freepik.com/free-vector/front-view-boy-using-laptop-communicate-video-conference-with-teacher-friends_1308-52508.jpg
Living Online - 23,https://img.freepik.com/free-vector/mmorpg-abstract-concept-illustration_335657-1858.jpg
Living Online - 24,https://img.freepik.com/free-vector/colorful-icons-set_79603-1266.jpg
Living Online - 25,https://img.freepik.com/free-vector/man-woman-with-mobile-face-scan_24908-56396.jpg
Living Online - 26,https://img.freepik.com/free-vector/assorted-colored-flat-special-media-icons-isolated-white-background_1284-42101.jpg
Living Online - 27,https://img.freepik.com/free-vector/organic-flat-internet-day-illustration_23-2148906057.jpg
Living Online - 28,https://img.freepik.com/free-vector/children-with-social-media-elements-white_1308-52212.jpg
Living Online - 29,https://img.freepik.com/free-vector/hands-with-mobile-face-scan-man_24908-56381.jpg
Living Online - 30,https://img.freepik.com/free-vector/download-button-computer-screen-people-transferring-files-uploading-digital-data-videos-films-music-documents-flat-vector-illustration-multimedia-piracy-internet-concept-banner_74855-22452.jpg
Living Online - 31,https://img.freepik.com/free-vector/personal-data-concept-illustration_114360-3580.jpg
Living Online - 32,https://img.freepik.com/free-vector/corporate-worker-clerk-doing-his-job_3446-442.jpg
Living Online - 33,https://img.freepik.com/free-vector/online-education-teacher-students-webinar-via-video-conference-internet-connection-female-tutor-conduct-lesson-through-laptop-screen-people-distant-school-training-line-art-vector-illustration_107791-10592.jpg
Living Online - 34,https://img.freepik.com/free-vector/illustration-touch-screen-hand-gesture_53876-5607.jpg
Living Online - 35,https://img.freepik.com/free-vector/stop-bullying-concept_23-2148594346.jpg
Living Online - 36,https://img.freepik.com/free-vector/cyber-bullying-illustration-design_23-2148600810.jpg
Living Online - 37,https://img.freepik.com/free-vector/cyber-bullying-concept_23-2148595215.jpg
Living Online - 38,https://img.freepik.com/free-vector/cyber-bullying-illustration-style_23-2148587988.jpg
Living Online - 39,https://img.freepik.com/free-vector/happy-friends-sitting-living-room-with-digital-devices-flat-illustration_74855-15437.jpg
Living Online - 40,https://img.freepik.com/free-vector/human-hand-holding-mobile-phone-with-text-messages_74855-6531.jpg
Living Online - 41,https://img.freepik.com/free-vector/appointment-booking-design_23-2148557730.jpg
Living Online - 42,https://img.freepik.com/free-vector/home-screen-concept-illustration_114360-4703.jpg
Living Online - 43,https://img.freepik.com/free-vector/office-worker-woman-suffering-from-hand-pain-due-hard-work-carpal-tunnel-syndrome-cartoon-illustration_56104-1764.jpg
Living Online - 44,https://img.freepik.com/free-vector/hand-drawn-flat-design-overwhelmed-people-illustration_23-2149336325.jpg
Living Online - 45,https://img.freepik.com/free-vector/correct-bad-spine-sitting-posture-vector-diagram-flat-style-correct-spine-bad-position-correct-bad-sit-illustration_1284-47095.jpg
Living Online - 46,https://asylum.madhouse-project.org/assets/asylum/images/posts/looking-for-a-keyboard/m01.jpg
Living Online - 47,https://asylum.madhouse-project.org/assets/asylum/images/posts/keyboard-updates/terg.jpg
Living Online - 48,https://th.bing.com/th/id/R.f295b169aa885bb9c78428503b5e9dcc?rik=yzEGB%2fe0KGgY4A&pid=ImgRaw
Living Online - 49,https://img.freepik.com/free-photo/man-giving-bar-graph-presentation-using-high-technology-digital-pen_53876-104049.jpg
Living Online - 50,https://img.freepik.com/free-vector/instruction-correct-pose-during-office-work-flat-illustration-cartoon-worker-sitting-desk-with-right-posture-healthy-back-looking-computer_74855-14087.jpg
Living Online - 51,https://live.staticflickr.com/3653/3604453020_6ee8328662.jpg
Living Online - 52,https://ergocentric.com/wp-content/uploads/SAFIII-XHB-KT-4ATA_1209x2100_300_CMYK-300x475.jpg
Living Online - 53,https://img.freepik.com/free-vector/man-working-computer-home_1308-102130.jpg
Living Online - 54,https://img.freepik.com/free-vector/student-stress-concept-illustration_114360-9550.jpg
Living Online - 55,https://img.freepik.com/free-vector/business-people-with-connection-icons_53876-66205.jpg
Living Online - 56,https://img.freepik.com/free-vector/flat-people-group-asking-questions_23-2148927481.jpg
Living Online - 57,https://img.freepik.com/free-vector/happy-woman-chatting-with-friends-online_74855-14073.jpg
Living Online - 58,https://img.freepik.com/free-vector/stress-concept-illustration_114360-2031.jpg
Living Online - 59,https://img.freepik.com/free-vector/correct-incorrect-posture-infographics_23-2148984181.jpg
Living Online - 60,https://img.freepik.com/free-vector/woman-thinking-concept-illustration_114360-7911.jpg
Living Online - 61,https://img.freepik.com/free-vector/thinking-face-concept-illustration_114360-8084.jpg
