School - 1,https://img.freepik.com/free-vector/hand-drawn-back-school-background_23-2149056178.jpg
School - 2,https://img.freepik.com/free-vector/education-concept-set_1284-4734.jpg
School - 3,https://img.freepik.com/free-vector/hand-drawn-colorful-book-collection_23-2149350538.jpg
School - 4,https://img.freepik.com/free-vector/classroom-interior-with-furniture-green-theme-color_1308-52117.jpg
School - 5,https://img.freepik.com/free-vector/library-with-books-shelves-laptop-table_107791-1758.jpg
School - 6,https://img.freepik.com/free-vector/cross-check-mark-symbol-set_56104-493.jpg
School - 7,https://img.freepik.com/free-vector/business-items-composition_98292-7566.jpg
School - 8,https://img.freepik.com/free-vector/set-book-white-background_1308-26120.jpg
School - 9,https://img.freepik.com/free-vector/student-classroom-template_1308-26333.jpg
School - 10,https://img.freepik.com/free-vector/interior-classroom_1308-26552.jpg
School - 11,https://img.freepik.com/free-vector/empty-classroom-interior-with-chalkboard_1308-65378.jpg
School - 12,https://img.freepik.com/free-vector/empty-chalkboard-background-with-copyspace_1308-27610.jpg
School - 13,https://img.freepik.com/free-vector/teacher-teaching-students-classroom-scene_1308-67531.jpg
School - 14,https://img.freepik.com/free-vector/school-books-elements-set_1284-34322.jpg
School - 15,https://img.freepik.com/free-vector/isometric-colorful-books-collection-with-bookshelf-educational-literature-ebooks-different-devices-isolated_1284-39010.jpg
School - 16,https://img.freepik.com/free-vector/isolated-colored-building-school-church-set-with-different-types-purposes-buildings_1284-33712.jpg
