Background - 1,https://img.freepik.com/free-vector/seaside-vacation-empty-beach-with-umbrella-sun-loungers-hot-sand-traveling-exotic-island-country-tropical-paradise-with-turquoise-ocean-waves-palm-trees_575670-2167.jpg
Background - 2,https://img.freepik.com/free-vector/deer-forest-with-swamp-forest-landscape_107791-6560.jpg
Background - 3,https://img.freepik.com/free-vector/asian-rice-field-terraces-morning-mountains-landscape-paddy-plantation-cascades-farm-mount-water-channel-with-growing-plants-scenery-meadow-with-green-grass-cartoon-vector-illustration_107791-10452.jpg
Background - 4,https://img.freepik.com/free-vector/spring-landscape_23-2148848484.jpg
Background - 5,https://img.freepik.com/free-vector/3d-earth-graphic-symbolizing-global-trade-illustration_456031-131.jpg
Background - 6,https://img.freepik.com/free-vector/set-fantastic-planets-asteroids-cosmic-objects_107791-7843.jpg
Background - 7,https://img.freepik.com/free-vector/illustration-social-media-concept_53876-18146.jpg
Background - 8,https://img.freepik.com/free-vector/cute-shiba-inu-dog-crying-cartoon-vector-icon-illustration-animal-nature-icon-concept-isolated-flat_138676-5854.jpg
Background - 9,https://img.freepik.com/free-vector/set-different-tree_1308-25545.jpg
Background - 10,https://img.freepik.com/free-vector/border-template-with-cute-animals_1308-40340.jpg
Background - 11,https://img.freepik.com/free-vector/sketch-plain-travelling_1308-86639.jpg
Background - 12,https://img.freepik.com/free-vector/set-different-tree-design_1308-22605.jpg
Background - 13,https://img.freepik.com/free-vector/isolated-fantasy-tree-house-white-background_1308-86156.jpg
Background - 14,https://img.freepik.com/free-vector/open-book-with-nature-landscape_1308-100125.jpg
Background - 15,https://img.freepik.com/free-vector/isolated-scooter-cartoon-white-background_1308-46375.jpg
Background - 16,https://img.freepik.com/free-vector/man-riding-scooter-white-background_1308-46333.jpg
Background - 17,https://img.freepik.com/free-vector/solar-system_1308-41603.jpg
Background - 18,https://img.freepik.com/free-vector/planets-solar-system-infographic_1308-52254.jpg
Background - 19,https://img.freepik.com/free-vector/nature-park-scene-background-with-rainbow-sky_1308-66578.jpg
Background - 20,https://img.freepik.com/free-vector/pile-fresh-vegetables-fruits_1308-31081.jpg
Background - 21,https://img.freepik.com/free-vector/set-different-tree-design_1308-22605.jpg
Background - 22,https://img.freepik.com/free-vector/empty-sky-nature-scene-park_1308-50041.jpg
Background - 23,https://img.freepik.com/free-vector/collection-beautiful-houseplants-pots_23-2148899804.jpg
Background - 24,https://img.freepik.com/free-vector/set-variety-plants-trees_1308-46296.jpg
Background - 25,https://img.freepik.com/free-vector/tree_1308-36471.jpg
Background - 26,https://img.freepik.com/free-vector/natural-environment-lanscape-scene_1308-31832.jpg
Background - 27,https://img.freepik.com/free-vector/nature-park-scene-background-with-rainbow-sky_1308-57946.jpg
Background - 28,https://img.freepik.com/free-vector/hand-drawn-spring-wallpaper_23-2148829855.jpg
Background - 29,https://img.freepik.com/free-vector/gradient-spring-landscape_23-2148446536.jpg
Background - 30,https://img.freepik.com/free-vector/drawn-beautiful-spring-landscape-background_23-2148857332.jpg
Background - 31,https://img.freepik.com/free-vector/hand-drawn-spring-landscape_23-2148447507.jpg
Background - 32,https://img.freepik.com/free-vector/spring-landscape-scene_23-2148849831.jpg
Background - 33,https://img.freepik.com/free-vector/spring-landscape-scene_23-2148860340.jpg
Background - 34,https://img.freepik.com/free-vector/landscape-with-cascade-waterfall-forest_107791-7143.jpg
Background - 35,https://img.freepik.com/free-vector/living-room-interior-with-old-fashioned-furniture-decor_107791-4805.jpg
Background - 36,https://img.freepik.com/free-vector/living-room-interior-scene-with-furniture-living-room-decoration_1308-62151.jpg
Background - 37,https://img.freepik.com/free-vector/outdoor-scene-with-front-house-along-road_1308-57329.jpg
Background - 38,https://img.freepik.com/free-vector/farm-landscape-scene-with-barn-windmill_1308-58293.jpg
Background - 39,https://img.freepik.com/free-vector/classroom-chalkboard-banner_1308-29485.jpg
Background - 40,https://img.freepik.com/free-vector/empty-sky-nature-scene-park_1308-50041.jpg
Background - 41,https://img.freepik.com/free-vector/city-scene-with-ferris-wheel-buildings_1308-33159.jpg
Background - 42,https://img.freepik.com/free-vector/empty-nature-scenery_1308-32077.jpg
Background - 43,https://img.freepik.com/free-vector/empty-background-nature-scene-backgroundry_1308-32605.jpg
