People - 1,https://img.freepik.com/vector-gratis/nino-laptop-sobre-mesa_1308-51741.jpg
People - 2,https://img.freepik.com/free-vector/group-students-school_52683-43231.jpg
People - 3,https://img.freepik.com/free-vector/cartoon-children-back-school_52683-40882.jpg
People - 4,https://img.freepik.com/free-vector/focused-tiny-people-reading-books_74855-5836.jpg
People - 5,https://img.freepik.com/free-vector/wooden-sign-template-with-boy-planting-tree_1308-4908.jpg
People - 6,https://img.freepik.com/free-vector/children-using-computers_24877-57095.jpg
People - 7,https://img.freepik.com/free-vector/children-using-laptop-communicate-video-conference-with-teacher-friends-room-scene_1308-53091.jpg
People - 8,https://img.freepik.com/free-vector/court-illustrations-set-lawyers-witnesses-judje-police-white-background_613284-3215.jpg
People - 9,https://img.freepik.com/free-vector/boy-using-laptop-computer-distance-learning-online_1308-67075.jpg
People - 10,https://img.freepik.com/free-vector/sticker-template-with-boy-reading-book-cartoon-character-isolated_1308-63169.jpg
People - 11,https://img.freepik.com/free-vector/little-asian-girl-screams-out-loud-clenching-her-hands-into-fists_71593-1029.jpg
People - 12,https://img.freepik.com/free-vector/adorable-little-asian-girl-shouting-megaphone-annoying-toddler-making-noise-with-loudspeaker_71593-1147.jpg
People - 13,https://img.freepik.com/free-vector/cute-girl-with-megaphone-screaming-cartoon-illustration_56104-452.jpg
People - 14,https://img.freepik.com/free-vector/angry-father-screaming-crying-son-flat-vector-illustration-dad-punishing-sad-kid-breaking-rules-bad-behavior-parent-having-conflict-with-child-abuse-relationship-concept_74855-23941.jpg
People - 15,https://img.freepik.com/free-vector/little-indian-frightened-girl-intense-emotion-face-psychology-childrens-fears_71593-1148.jpg
People - 16,https://img.freepik.com/free-vector/cute-girl-angry-cartoon-vector-icon-illustration-people-sign-icon-concept-isolated-premium-vector-flat-cartoon-style_138676-4022.jpg
People - 17,https://img.freepik.com/free-vector/boy-using-computer_1308-27902.jpg
People - 18,https://img.freepik.com/free-vector/young-girls-using-tablet-white-background_1308-77639.jpg
People - 19,https://img.freepik.com/free-vector/outdoor-farm-scene-with-many-muslim-children_1308-61700.jpg
People - 20,https://img.freepik.com/free-vector/cute-happy-smiling-child-isolated-white_1308-32243.jpg
People - 21,https://img.freepik.com/free-vector/banner-with-boy-girl_1308-32521.jpg
People - 22,https://img.freepik.com/free-vector/frame-with-happy-kids-blackboard_1308-32501.jpg
People - 23,https://img.freepik.com/free-vector/boy-girl-school-uniform_1308-36006.jpg
People - 24,https://img.freepik.com/free-vector/cute-happy-smiling-child-isolated-white-background_1308-68855.jpg
People - 25,https://img.freepik.com/free-vector/group-students-study-together-with-books_107791-11985.jpg
